Fulfillment SKU,Image URL,Name,SKU,UPC,Weight Units,Product ID,Quantity,Shipping Amount,Tax Amount,Unit Price,Weight Value,Marketplace,shipstation_ordernumber_as_id,ordernumber_sku_as_id
,http://ecx.images-amazon.com/images/I/41S0JmKj%2BGL.jpg,Glass Bottles for Essential Oils - 12 Pack 10 ml Refillable Empty Amber Bottle with Orifice Reducer Dropper and Cap - DIY Supplies Tool & Accessories Perfume Aromatherapy - Carrier Oil Kit,B0711SPBZ4,,,,1,5.24,0.78,12.99,,Amazon,113-0037149-3711469,113-0037149-3711469-B0711SPBZ4
,https://i.ebayimg.com/00/s/NTAwWDIwMg==/z/6kMAAOSwcPFdSE0T/$_1.JPG?set_id=8800005007,Raindrop Nebulizing Diffuser For Essential Oils and Organic Aromas Aromatherapy[Light Wood],VX-18SJ-BCQK,,,,1,9.7,6.21,69.99,,eBay,141,141-VX-18SJ-BCQK
,http://ecx.images-amazon.com/images/I/41Us85HPDdL.jpg,Glass 10 mL Empty Bottles for Essential Oil Aromatherapy Guaranteed Perfect Fit for Two Scents Nebulizer Diffuser - Washers and Nozzles Included - 25 Pack Cobalt Blue,B07HJFN19K,,,,1,9.95,0,55.95,,Amazon,111-5287195-4401863,111-5287195-4401863-B07HJFN19K
,http://ecx.images-amazon.com/images/I/41h30k9%2B8ML.jpg,Glass 10 mL Empty Bottles for Essential Oil Aromatherapy Guaranteed Perfect Fit for Two Scents Nebulizer Diffuser - Washers and Nozzles Included - 12 Pack Cobalt Blue,B07HJFNSCD,,,,1,9.95,0,29.95,,Amazon,111-5287195-4401863,111-5287195-4401863-B07HJFNSCD
,http://ecx.images-amazon.com/images/I/51EFjkHfNhL.jpg,Two Scents Essential Oils Top 8 Aromatherapy Essential Oils 100% Pure Therapeutic Grade Essential Oils Set Lavender/Peppermint/Tea Tree/Orange/Eucalyptus/Lemongrass/Frankincense/Rosemary 10 mL Oil,B07MJCTJYZ,,,,1,3.96,1.6,19.99,,Amazon,112-2027854-1739441,112-2027854-1739441-B07MJCTJYZ
,https://i.ebayimg.com/00/s/OTk5WDE1MDA=/z/GD8AAOSw4lldSwbF/$_57.JPG?set_id=8800005007,Wave Runner Galaxy Ball for Skipping and Bouncing in Pool or Ocean (Colors Vary),,,,,1,2.84,0,9.99,,eBay,142,142-A-1005
,http://ecx.images-amazon.com/images/I/41jxpgpXOuL.jpg,Glass 10 mL Empty Bottles for Essential Oil Aromatherapy Guaranteed Perfect Fit for Two Scents Nebulizer Diffuser - Washers and Nozzles Included - 12 Pack Amber Brown,B07JLT9PNJ,,,,1,5.53,0,29.95,,Amazon,114-8237492-6090609,114-8237492-6090609-B07JLT9PNJ
,http://ecx.images-amazon.com/images/I/51EFjkHfNhL.jpg,Two Scents Essential Oils Top 8 Aromatherapy Essential Oils 100% Pure Therapeutic Grade Essential Oils Set Lavender/Peppermint/Tea Tree/Orange/Eucalyptus/Lemongrass/Frankincense/Rosemary 10 mL Oil,B07MJCTJYZ,,,,1,4.33,0,19.99,,Amazon,113-6468333-0602627,113-6468333-0602627-B07MJCTJYZ
,http://ecx.images-amazon.com/images/I/41S0JmKj%2BGL.jpg,Glass Bottles for Essential Oils - 12 Pack 10 ml Refillable Empty Amber Bottle with Orifice Reducer Dropper and Cap - DIY Supplies Tool & Accessories Perfume Aromatherapy - Carrier Oil Kit,B0711SPBZ4,,,,1,5.53,0,12.99,,Amazon,111-2698955-6449822,111-2698955-6449822-B0711SPBZ4
,http://ecx.images-amazon.com/images/I/51UXiMthuyL.jpg,"SLR Brands Mens adjustable sandals - Shower Flip Flops For Men | Nonslip Men's Slide On Sandals for Shower, Beach, Pool, Summer, Gym Slides | Arch Support for Athletes | Multiple sizes (12 M US, Grey)",PY-X7NL-L8PF,,,,1,4.06,0,14.99,,Amazon,114-9040788-1278601,114-9040788-1278601-PY-X7NL-L8PF
,http://ecx.images-amazon.com/images/I/51UXiMthuyL.jpg,"SLR Brands Mens adjustable sandals - Shower Flip Flops For Men | Nonslip Men's Slide On Sandals for Shower, Beach, Pool, Summer, Gym Slides | Arch Support for Athletes | Multiple sizes (12 M US, Grey)",PY-X7NL-L8PF,,,,1,4.06,0,14.99,,Amazon,112-5631805-8632267,112-5631805-8632267-PY-X7NL-L8PF
,http://ecx.images-amazon.com/images/I/51UXiMthuyL.jpg,"SLR Brands Mens adjustable sandals - Shower Flip Flops For Men | Nonslip Men's Slide On Sandals for Shower, Beach, Pool, Summer, Gym Slides | Arch Support for Athletes | Multiple sizes (12 M US, Grey)",PY-X7NL-L8PF,,,,1,3.85,1.05,14.99,,Amazon,112-6340946-1669805,112-6340946-1669805-PY-X7NL-L8PF
,http://ecx.images-amazon.com/images/I/41qfCxz-vPL.jpg,"Two Scents Dark Patchouli Essential Oil - 100% Pure & Natural Premium Therapeutic Grade Oil - Use for Nebulizer, Ultrasonic Diffuser, Skin, Perfume, Lip Balm, Fragrance, Moisturizer, Relax (10 mL)",B07L42TMFJ,,,,1,2.76,0,10.95,,Amazon,112-9896012-9709043,112-9896012-9709043-B07L42TMFJ
,http://ecx.images-amazon.com/images/I/51UXiMthuyL.jpg,"SLR Brands Mens adjustable sandals - Shower Flip Flops For Men | Nonslip Men's Slide On Sandals for Shower, Beach, Pool, Summer, Gym Slides | Arch Support for Athletes | Multiple sizes (12 M US, Grey)",PY-X7NL-L8PF,,,,1,3.96,0.9,14.99,,Amazon,112-8655228-6261006,112-8655228-6261006-PY-X7NL-L8PF
,https://i.ebayimg.com/00/s/NTAwWDIwMg==/z/6kMAAOSwcPFdSE0T/$_1.JPG?set_id=8800005007,Raindrop Nebulizing Diffuser For Essential Oils and Organic Aromas Aromatherapy[White Ceramic],6Z-I22J-SHQS,,,,1,9.7,6.04,69.99,,eBay,143,143-6Z-I22J-SHQS
,http://ecx.images-amazon.com/images/I/51UXiMthuyL.jpg,"SLR Brands Mens adjustable sandals - Shower Flip Flops For Men | Nonslip Men's Slide On Sandals for Shower, Beach, Pool, Summer, Gym Slides | Arch Support for Athletes | Multiple sizes (12 M US, Grey)",PY-X7NL-L8PF,,,,1,3.96,0,14.99,,Amazon,112-2777816-4061822,112-2777816-4061822-PY-X7NL-L8PF
,https://i.ebayimg.com/00/s/NTAwWDQ1NQ==/z/i-QAAOSwNVxdTIEJ/$_57.JPG?set_id=8800005007,Wave Runner Grip It Waterproof Hydro Volleyball Sure Grip Technology Colors Vary,,,,,1,3.36,0,15.99,,eBay,144,144-A-1016
,https://i.ebayimg.com/00/s/MTYwMFgxMzY1/z/fq4AAOSw8sZdSd0U/$_57.PNG?set_id=8800005007,Avocado Pillow Cute Plush Toys Stuffed Dolls Cushion Soft Comfortable For Decor[15 in],,,,,1,0,1.75,24.99,,eBay,145,145-A-1017
,https://i.ebayimg.com/00/s/NTAwWDI5NA==/z/DFkAAOSwfvJdSFC-/$_1.JPG?set_id=8800005007,Droplet Nebulizing Diffuser For  Essential Oils and Organic Aromas Aromatherapy[Light Wood],IR-7HGI-RCV8,,,,1,7.42,4.8,59.95,,eBay,146,146-IR-7HGI-RCV8
,https://i.ebayimg.com/00/s/NTAwWDI5NA==/z/DFkAAOSwfvJdSFC-/$_1.JPG?set_id=8800005007,Droplet Nebulizing Diffuser For  Essential Oils and Organic Aromas Aromatherapy[Light Wood],IR-7HGI-RCV8,,,,1,9.7,0,59.95,,eBay,147,147-IR-7HGI-RCV8
,http://ecx.images-amazon.com/images/I/51EFjkHfNhL.jpg,Two Scents Essential Oils Top 8 Aromatherapy Essential Oils 100% Pure Therapeutic Grade Essential Oils Set Lavender/Peppermint/Tea Tree/Orange/Eucalyptus/Lemongrass/Frankincense/Rosemary 10 mL Oil,B07MJCTJYZ,,,,1,4.06,1.6,19.99,,Amazon,114-2060378-4796219,114-2060378-4796219-B07MJCTJYZ
,http://ecx.images-amazon.com/images/I/41AXxhpy0AL.jpg,"Two Scents Lavender Essential Oil - 100% Pure & Natural Premium Therapeutic Grade Oil - Use for Nebulizer, Ultrasonic Diffuser, Skin, Perfume, Lip Balm, Fragrance, Moisturizer, Relaxation (120 mL)",B07L41Z65S,,,,1,0,0,59.95,,Amazon,112-9288816-0351463,112-9288816-0351463-B07L41Z65S
,https://i.ebayimg.com/00/s/MTYwMFgxMzY1/z/fq4AAOSw8sZdSd0U/$_57.PNG?set_id=8800005007,Avocado Pillow Cute Plush Toys Stuffed Dolls Cushion Soft Comfortable For Decor[15 in],,,,,1,7.82,1.66,24.99,,eBay,148,148-A-1022
,https://i.ebayimg.com/00/s/MTEyNVgxNTAw/z/78YAAOSwzUVdSwgc/$_57.JPG?set_id=8800005007,Wave Runner 6.0 Bouncing and Skipping Ball for Water Pool Ocean (Colors Vary),,,,,1,2.84,0,8.99,,eBay,149,149-A-1023
,https://i.ebayimg.com/00/s/MTYwMFgxMzY1/z/fq4AAOSw8sZdSd0U/$_57.PNG?set_id=8800005007,Avocado Pillow Cute Plush Toys Stuffed Dolls Cushion Soft Comfortable For Decor[15 in],,,,,1,7.82,0,24.99,,eBay,150,150-A-1024
,http://ecx.images-amazon.com/images/I/41AXxhpy0AL.jpg,"Two Scents Lavender Essential Oil - 100% Pure & Natural Premium Therapeutic Grade Oil - Use for Nebulizer, Ultrasonic Diffuser, Skin, Perfume, Lip Balm, Fragrance, Moisturizer, Relaxation (120 mL)",B07L41Z65S,,,,1,0,0,79.95,,Amazon,112-9450603-2693840,112-9450603-2693840-B07L41Z65S
,https://i.ebayimg.com/00/s/MTYwMFgxMDUx/z/xmgAAOSwcTddSvAp/$_1.JPG?set_id=8800005007,6 Pack Teeth Ball for Dog and Pets with Funny Human Smile Ball Squeaky Chew Toy,TU-SB8I-MPLC,,,,1,4.06,0,12.99,,eBay,151,151-TU-SB8I-MPLC
,https://i.ebayimg.com/00/s/MTYwMFgxMzY1/z/fq4AAOSw8sZdSd0U/$_57.PNG?set_id=8800005007,Avocado Pillow Cute Plush Toys Stuffed Dolls Cushion Soft Comfortable For Decor[15 in],,,,,1,7.82,0,24.99,,eBay,152,152-A-1027
,https://cdn.shopify.com/s/files/1/0115/0366/5214/products/Front-Small-Alone.jpg?v=1565888330,Mini Plush Avocado,,,,,1,0,1.4,19.99,,Shopify,1001,1001-A-1028
,http://ecx.images-amazon.com/images/I/41S0JmKj%2BGL.jpg,Glass Bottles for Essential Oils - 12 Pack 10 ml Refillable Empty Amber Bottle with Orifice Reducer Dropper and Cap - DIY Supplies Tool & Accessories Perfume Aromatherapy - Carrier Oil Kit,B0711SPBZ4,,,,1,5.02,0,12.99,,Amazon,111-7866202-9025867,111-7866202-9025867-B0711SPBZ4
,http://ecx.images-amazon.com/images/I/51UXiMthuyL.jpg,"SLR Brands Mens Adjustable Sandals - Shower Flip Flops for Men | Nonslip Men's Slide On Sandals for Shower, Beach, Pool, Summer, Gym Slides | Arch Support for Athletes | Multiple Sizes (9 M US, Grey)",X7-SEJ5-6HIV,,,,1,4.06,0,14.99,,Amazon,114-0383677-7312268,114-0383677-7312268-X7-SEJ5-6HIV
,http://ecx.images-amazon.com/images/I/31OFalIm7KL.jpg,"Two Scents Raindrop Nebulizing Diffuser - Waterless diffuser For Essential Oils and Aromatherapy | Wood Base, Glass Top And Touch | Fills Even Big Rooms In Minutes With Organic Aromas (Light Wood)",B07NH7VDB2,,,,1,8.5,4.2,69.99,,Amazon,114-7314591-4305012,114-7314591-4305012-B07NH7VDB2
,http://ecx.images-amazon.com/images/I/41fMrt2gJIL.jpg,SLR Brands Howler Football Whistle Foam Football (Colors May Vary),KJ-L4KR-DI6W,,,,1,3.28,0,13.99,,Amazon,114-6402621-2893850,114-6402621-2893850-KJ-L4KR-DI6W
,http://ecx.images-amazon.com/images/I/51f1iD7DEPL.jpg,"SLR Brands Mens adjustable sandals - Shower Flip Flops For Men | Nonslip Men's Slide On Sandals for Shower, Beach, Pool, Summer, Gym Slides | Arch Suport for Athletes | Multiple sizes (11 M US, Black)",8I-W2IE-AVV5,,,,1,4.06,0,14.99,,Amazon,113-1074119-0372211,113-1074119-0372211-8I-W2IE-AVV5
,http://ecx.images-amazon.com/images/I/51f1iD7DEPL.jpg,"SLR Brands Mens adjustable sandals - Shower Flip Flops For Men | Nonslip Men's Slide On Sandals for Shower, Beach, Pool, Summer, Gym Slides | Arch Suport for Athletes | Multiple sizes (11 M US, Black)",8I-W2IE-AVV5,,,,1,3.28,0,14.99,,Amazon,111-2017840-2525031,111-2017840-2525031-8I-W2IE-AVV5
,http://ecx.images-amazon.com/images/I/51f1iD7DEPL.jpg,"SLR Brands Mens adjustable sandals - Shower Flip Flops For Men | Nonslip Men's Slide On Sandals for Shower, Beach, Pool, Summer, Gym Slides | Arch Suport for Athletes | Multiple sizes (11 M US, Black)",8I-W2IE-AVV5,,,,1,3.85,1.05,14.99,,Amazon,112-2488190-9497827,112-2488190-9497827-8I-W2IE-AVV5
,http://ecx.images-amazon.com/images/I/51f1iD7DEPL.jpg,"SLR Brands Mens adjustable sandals - Shower Flip Flops For Men | Nonslip Men's Slide On Sandals for Shower, Beach, Pool, Summer, Gym Slides | Arch Suport for Athletes | Multiple sizes (11 M US, Black)",8I-W2IE-AVV5,,,,1,10.86,3,14.99,,Amazon,113-4014296-6613845,113-4014296-6613845-8I-W2IE-AVV5
,http://ecx.images-amazon.com/images/I/41pKMdsIPFL.jpg,"SLR Brands Mens adjustable sandals - Shower Flip Flops For Men | Nonslip Men's Slide On Sandals for Shower, Beach, Pool, Summer, Gym Slides | Arch Suport for Athletes | Multiple sizes and colors (1...",T9-JX0W-3401,,,,1,10.86,3,14.99,,Amazon,113-4014296-6613845,113-4014296-6613845-T9-JX0W-3401
,http://ecx.images-amazon.com/images/I/31wLcuHxFZL.jpg,"Two Scents Droplet Nebulizing Diffuser - Waterless diffuser For Essential Oils and Aromatherapy | Wood Base, Glass Top And Touch | Fills Even Big Rooms In Minutes With Organic Aromas (Light Wood)",B07PFG2Q3Z,,,,1,9.7,0,59.95,,Amazon,111-3918942-6032253,111-3918942-6032253-B07PFG2Q3Z
,https://i.ebayimg.com/00/s/OTA0WDEwODA=/z/OaYAAOSwBYddYBKb/$_57.JPG?set_id=8800005007,"Custom Photo Blanket Personalized Bedding - Children, Adults, Gifts (71 x 60 in)",,,,,1,0,0,49.99,,eBay,153,153-A-1039
,http://ecx.images-amazon.com/images/I/51Os3MkQh-L.jpg,SLR Brands 175 gram Star Sport Glow In the Dark Flying Disc Frisbee,U9-KQEC-BZEK,,,,1,3.96,0.96,15.99,,Amazon,114-8084310-1945859,114-8084310-1945859-U9-KQEC-BZEK
,http://ecx.images-amazon.com/images/I/31wLcuHxFZL.jpg,"Two Scents Droplet Nebulizing Diffuser - Waterless diffuser For Essential Oils and Aromatherapy | Wood Base, Glass Top And Touch | Fills Even Big Rooms In Minutes With Organic Aromas (Light Wood)",B07PFG2Q3Z,,,,1,9.7,0,59.95,,Amazon,112-7522951-0698604,112-7522951-0698604-B07PFG2Q3Z
,https://i.ebayimg.com/00/s/OTA0WDEwODA=/z/OaYAAOSwBYddYBKb/$_57.JPG?set_id=8800005007,"Custom Photo Blanket Personalized Bedding - Children, Adults, Gifts (60 x 43 in)",,,,,1,0,2.64,32.99,,eBay,154,154-A-1042
,https://i.ebayimg.com/00/s/MTYwMFgxMzY1/z/fq4AAOSw8sZdSd0U/$_57.PNG?set_id=8800005007,Avocado Pillow Cute Plush Toys Stuffed Dolls Cushion Soft Comfortable For Decor[7 in],,,,,1,3.09,0,14.99,,eBay,155,155-A-1043
,http://ecx.images-amazon.com/images/I/51f1iD7DEPL.jpg,"SLR Brands Mens adjustable sandals - Shower Flip Flops For Men | Nonslip Men's Slide On Sandals for Shower, Beach, Pool, Summer, Gym Slides | Arch Suport for Athletes | Multiple sizes (11 M US, Black)",8I-W2IE-AVV5,,,,1,4.33,0,14.99,,Amazon,111-1749771-5485821,111-1749771-5485821-8I-W2IE-AVV5
,http://ecx.images-amazon.com/images/I/41qfCxz-vPL.jpg,"Two Scents Dark Patchouli Essential Oil - 100% Pure & Natural Premium Therapeutic Grade Oil - Use for Nebulizer, Ultrasonic Diffuser, Skin, Perfume, Lip Balm, Fragrance, Moisturizer, Relax (10 mL)",B07L42TMFJ,,,,1,2.84,0,10.95,,Amazon,111-0374415-9186601,111-0374415-9186601-B07L42TMFJ
,http://ecx.images-amazon.com/images/I/51f1iD7DEPL.jpg,"SLR Brands Mens adjustable sandals - Shower Flip Flops For Men | Nonslip Men's Slide On Sandals for Shower, Beach, Pool, Summer, Gym Slides | Arch Suport for Athletes | Multiple sizes (11 M US, Black)",8I-W2IE-AVV5,,,,1,4.33,0,14.99,,Amazon,113-3034622-9060235,113-3034622-9060235-8I-W2IE-AVV5
,http://ecx.images-amazon.com/images/I/51f1iD7DEPL.jpg,"SLR Brands Mens adjustable sandals - Shower Flip Flops For Men | Nonslip Men's Slide On Sandals for Shower, Beach, Pool, Summer, Gym Slides | Arch Suport for Athletes | Multiple sizes (11 M US, Black)",8I-W2IE-AVV5,,,,1,3.96,0,14.99,,Amazon,114-9744186-7412261,114-9744186-7412261-8I-W2IE-AVV5
,https://i.ebayimg.com/00/s/NTAwWDIwMg==/z/6kMAAOSwcPFdSE0T/$_1.JPG?set_id=8800005007,Raindrop Nebulizing Diffuser For Essential Oils and Organic Aromas Aromatherapy[Light Wood],VX-18SJ-BCQK,,,,1,8.5,0,69.99,,eBay,156,156-VX-18SJ-BCQK
,https://i.ebayimg.com/00/s/MTYwMFgxMzY1/z/fq4AAOSw8sZdSd0U/$_57.PNG?set_id=8800005007,Avocado Pillow Cute Plush Toys Stuffed Dolls Cushion Soft Comfortable For Decor[15 in],,,,,1,7.82,0,24.99,,eBay,157,157-A-1049
,http://ecx.images-amazon.com/images/I/51EFjkHfNhL.jpg,Two Scents Essential Oils Top 8 Aromatherapy Essential Oils 100% Pure Therapeutic Grade Essential Oils Set Lavender/Peppermint/Tea Tree/Orange/Eucalyptus/Lemongrass/Frankincense/Rosemary 10 mL Oil,B07MJCTJYZ,,,,1,5.12,0,19.99,,Amazon,114-8684645-7219408,114-8684645-7219408-B07MJCTJYZ
,http://ecx.images-amazon.com/images/I/51f1iD7DEPL.jpg,"SLR Brands Mens adjustable sandals - Shower Flip Flops For Men | Nonslip Men's Slide On Sandals for Shower, Beach, Pool, Summer, Gym Slides | Arch Suport for Athletes | Multiple sizes (11 M US, Black)",8I-W2IE-AVV5,,,,1,4.33,0,14.99,,Amazon,113-5710670-3053043,113-5710670-3053043-8I-W2IE-AVV5
,http://ecx.images-amazon.com/images/I/31wLcuHxFZL.jpg,"Two Scents Droplet Nebulizing Diffuser - Waterless diffuser For Essential Oils and Aromatherapy | Wood Base, Glass Top And Touch | Fills Even Big Rooms In Minutes With Organic Aromas (Light Wood)",B07PFG2Q3Z,,,,1,10.86,0,59.95,,Amazon,112-4455017-9184266,112-4455017-9184266-B07PFG2Q3Z
,http://ecx.images-amazon.com/images/I/51f1iD7DEPL.jpg,"SLR Brands Mens adjustable sandals - Shower Flip Flops For Men | Nonslip Men's Slide On Sandals for Shower, Beach, Pool, Summer, Gym Slides | Arch Suport for Athletes | Multiple sizes (11 M US, Black)",8I-W2IE-AVV5,,,,1,4.06,0,14.99,,Amazon,112-6923984-9068215,112-6923984-9068215-8I-W2IE-AVV5
,http://ecx.images-amazon.com/images/I/41H0qZroIUL.jpg,Two Scents Glass Bottles for Essential Oils - 10 mL Refillable Empty Bottle with Orifice Reducer Dropper and Cap - DIY Tool & Accessories for Aromatherapy - Carrier Oil Kit - 25 Pack Amber Brown,B07JMHVHGF,,,,1,0,1.52,18.95,,Amazon,113-9432355-6458648,113-9432355-6458648-B07JMHVHGF
,https://i.ebayimg.com/00/s/MTQxN1gxNjAw/z/JiEAAOSwTspdSvEe/$_1.JPG?set_id=8800005007,SLR Brands 175 gram Star Sport Glow In the Dark Flying Disc Frisbee for Night,B076PJ1KHS,,,,1,3.96,0,15.99,,eBay,158,158-B076PJ1KHS
,http://ecx.images-amazon.com/images/I/51f1iD7DEPL.jpg,"SLR Brands Mens adjustable sandals - Shower Flip Flops For Men | Nonslip Men's Slide On Sandals for Shower, Beach, Pool, Summer, Gym Slides | Arch Suport for Athletes | Multiple sizes (11 M US, Black)",8I-W2IE-AVV5,,,,1,4.33,0,14.99,,Amazon,113-5233783-8773839,113-5233783-8773839-8I-W2IE-AVV5
,http://ecx.images-amazon.com/images/I/51f1iD7DEPL.jpg,"SLR Brands Mens adjustable sandals - Shower Flip Flops For Men | Nonslip Men's Slide On Sandals for Shower, Beach, Pool, Summer, Gym Slides | Arch Suport for Athletes | Multiple sizes (11 M US, Black)",8I-W2IE-AVV5,,,,1,4.33,0,14.99,,Amazon,112-3904058-2661004,112-3904058-2661004-8I-W2IE-AVV5
,http://ecx.images-amazon.com/images/I/51f1iD7DEPL.jpg,"SLR Brands Mens adjustable sandals - Shower Flip Flops For Men | Nonslip Men's Slide On Sandals for Shower, Beach, Pool, Summer, Gym Slides | Arch Suport for Athletes | Multiple sizes (11 M US, Black)",8I-W2IE-AVV5,,,,1,3.96,0,14.99,,Amazon,114-2175479-2337024,114-2175479-2337024-8I-W2IE-AVV5
,https://i.ebayimg.com/00/s/OTA0WDEwODA=/z/OaYAAOSwBYddYBKb/$_57.JPG?set_id=8800005007,"Custom Photo Blanket Personalized Bedding - Children, Adults, Gifts (60 x 43 in)",,,,,1,0,2.8,32.99,,eBay,159,159-A-1059
,https://i.ebayimg.com/00/s/MTEyNVgxNTAw/z/78YAAOSwzUVdSwgc/$_57.JPG?set_id=8800005007,Wave Runner 6.0 Bouncing and Skipping Ball for Water Pool Ocean (Colors Vary),,,,,1,3.63,0,8.99,,eBay,160,160-A-1060
,https://i.ebayimg.com/00/s/OTA0WDEwODA=/z/OaYAAOSwBYddYBKb/$_57.JPG?set_id=8800005007,"Custom Photo Blanket Personalized Bedding - Children, Adults, Gifts (60 x 43 in)",,,,,1,0,0,32.99,,eBay,161,161-A-1061
,http://ecx.images-amazon.com/images/I/51f1iD7DEPL.jpg,"SLR Brands Mens adjustable sandals - Shower Flip Flops For Men | Nonslip Men's Slide On Sandals for Shower, Beach, Pool, Summer, Gym Slides | Arch Suport for Athletes | Multiple sizes (11 M US, Black)",8I-W2IE-AVV5,,,,2,8.5,0,14.99,,Amazon,112-3995435-3837058,112-3995435-3837058-8I-W2IE-AVV5
,https://i.ebayimg.com/00/s/MTYwMFgxMzY1/z/fq4AAOSw8sZdSd0U/$_57.PNG?set_id=8800005007,Avocado Pillow Cute Plush Toys Stuffed Dolls Cushion Soft Comfortable For Decor[7 in],,,,,1,3.18,0,14.99,,eBay,162,162-A-1063
,http://ecx.images-amazon.com/images/I/318fN-YbWcL.jpg,"SLR Brands Womans Colorblock Pocket Casual Tie Waist Yoga Jogger Pants (Large/XL, Black)",SV-8SE2-GM2U,,,,2,7.55,0,17.99,,Amazon,111-4960964-5602632,111-4960964-5602632-SV-8SE2-GM2U
,http://ecx.images-amazon.com/images/I/51f1iD7DEPL.jpg,"SLR Brands Mens adjustable sandals - Shower Flip Flops For Men | Nonslip Men's Slide On Sandals for Shower, Beach, Pool, Summer, Gym Slides | Arch Suport for Athletes | Multiple sizes (11 M US, Black)",8I-W2IE-AVV5,,,,1,3.96,0,14.99,,Amazon,112-5856244-3976232,112-5856244-3976232-8I-W2IE-AVV5
,http://ecx.images-amazon.com/images/I/51f1iD7DEPL.jpg,"SLR Brands Mens adjustable sandals - Shower Flip Flops For Men | Nonslip Men's Slide On Sandals for Shower, Beach, Pool, Summer, Gym Slides | Arch Suport for Athletes | Multiple sizes (11 M US, Black)",8I-W2IE-AVV5,,,,1,4.06,0.95,14.99,,Amazon,112-3918621-7209845,112-3918621-7209845-8I-W2IE-AVV5
,http://ecx.images-amazon.com/images/I/51f1iD7DEPL.jpg,"SLR Brands Mens adjustable sandals - Shower Flip Flops For Men | Nonslip Men's Slide On Sandals for Shower, Beach, Pool, Summer, Gym Slides | Arch Suport for Athletes | Multiple sizes (11 M US, Black)",8I-W2IE-AVV5,,,,1,4.06,0,14.99,,Amazon,113-8304438-4781013,113-8304438-4781013-8I-W2IE-AVV5
,https://i.ebayimg.com/00/s/MTYwMFgxMDUx/z/xmgAAOSwcTddSvAp/$_1.JPG?set_id=8800005007,6 Pack Teeth Ball for Dog and Pets with Funny Human Smile Ball Squeaky Chew Toy,TU-SB8I-MPLC,,,,1,4.33,0,12.99,,eBay,163,163-TU-SB8I-MPLC
,https://i.ebayimg.com/00/s/MTYwMFgxMzY1/z/fq4AAOSw8sZdSd0U/$_57.PNG?set_id=8800005007,Avocado Pillow Cute Plush Toys Stuffed Dolls Cushion Soft Comfortable For Decor[15 in],,,,,1,8.25,0,24.99,,eBay,164,164-A-1069
,https://i.ebayimg.com/00/s/OTA0WDEwODA=/z/OaYAAOSwBYddYBKb/$_57.JPG?set_id=8800005007,"Custom Photo Blanket Personalized Bedding - Children, Adults, Gifts (60 x 43 in)",,,,,1,0,0,34.99,,eBay,165,165-A-1070
,https://i.ebayimg.com/00/s/MTYwMFgxMzY1/z/fq4AAOSw8sZdSd0U/$_57.PNG?set_id=8800005007,Avocado Pillow Cute Plush Toys Stuffed Dolls Cushion Soft Comfortable For Decor[15 in],,,,,1,7.65,1.5,24.99,,eBay,166,166-A-1071
,https://i.etsystatic.com/20979998/r/il/628d0b/1986381460/il_fullxfull.1986381460_ri3d.jpg,Cute Avocado Pillow - Avocado Shaped Plush Pillow,731498733,,,,1,32.59,0,30,,Etsy,1497444654,1497444654-731498733
,https://i.etsystatic.com/20979998/r/il/b99cd7/2033914335/il_fullxfull.2033914335_e9ue.jpg,"Custom Photo Blanket Personalized With A Photo, Logo Or Design. Comfy Cute Picture Blanket Also Great For Picnics And Beach",717635182,,,,1,0,2.4,40,,Etsy,1496997836,1496997836-717635182
,http://ecx.images-amazon.com/images/I/41qfCxz-vPL.jpg,"Two Scents Dark Patchouli Essential Oil - 100% Pure & Natural Premium Therapeutic Grade Oil - Use for Nebulizer, Ultrasonic Diffuser, Skin, Perfume, Lip Balm, Fragrance, Moisturizer, Relax (10 mL)",B07L42TMFJ,,,,1,3.36,0.77,10.95,,Amazon,111-6235790-5334660,111-6235790-5334660-B07L42TMFJ
,http://ecx.images-amazon.com/images/I/41jxpgpXOuL.jpg,Glass 10 mL Empty Bottles for Essential Oil Aromatherapy Guaranteed Perfect Fit for Two Scents Nebulizer Diffuser - Washers and Nozzles Included - 12 Pack Amber Brown,B07JLT9PNJ,,,,1,5.24,0,29.95,,Amazon,114-0589111-5192260,114-0589111-5192260-B07JLT9PNJ
340071135,,Burrito Throw Blanket Tortilla Wrap for Kids No Beige Unisex Child,852888008056,,,,1,7.99,0,12.99,,GrouponGoods,GG-32PS-W4Y5-31GJ-YBJ5,GG-32PS-W4Y5-31GJ-YBJ5-852888008056
,https://i.ebayimg.com/00/s/OTk5WDE1MDA=/z/GD8AAOSw4lldSwbF/$_57.JPG?set_id=8800005007,Wave Runner Galaxy Ball for Skipping and Bouncing in Pool or Ocean (Colors Vary),,,,,1,3.28,0,9.99,,eBay,167,167-A-1077
,http://ecx.images-amazon.com/images/I/41-dKxviBLL.jpg,Two Scents Glass Bottles for Essential Oils - 10 mL Refillable Empty Bottle with Orifice Reducer Dropper and Cap - DIY Tool & Accessories for Aromatherapy - Carrier Oil Kit - 12 Pack Cobalt Blue,B07JLT1425,,,,1,5.53,1,9.95,,Amazon,112-8391590-7842613,112-8391590-7842613-B07JLT1425
,https://i.etsystatic.com/20979998/r/il/b99cd7/2033914335/il_fullxfull.2033914335_e9ue.jpg,"Custom Photo Blanket Personalized With A Photo, Logo Or Design. Comfy Cute Picture Blanket Also Great For Picnics And Beach",717635182,,,,1,0,2.12,40,,Etsy,1509099507,1509099507-717635182
,http://ecx.images-amazon.com/images/I/41qfCxz-vPL.jpg,"Two Scents Dark Patchouli Essential Oil - 100% Pure & Natural Premium Therapeutic Grade Oil - Use for Nebulizer, Ultrasonic Diffuser, Skin, Perfume, Lip Balm, Fragrance, Moisturizer, Relax (10 mL)",B07L42TMFJ,,,,1,3.63,0,10.95,,Amazon,114-9195741-3506648,114-9195741-3506648-B07L42TMFJ
,http://ecx.images-amazon.com/images/I/41-dKxviBLL.jpg,Two Scents Glass Bottles for Essential Oils - 10 mL Refillable Empty Bottle with Orifice Reducer Dropper and Cap - DIY Tool & Accessories for Aromatherapy - Carrier Oil Kit - 12 Pack Cobalt Blue,B07JLT1425,,,,1,5.53,0.93,9.95,,Amazon,114-3175323-3669869,114-3175323-3669869-B07JLT1425
,https://i.etsystatic.com/20979998/r/il/872918/1985012376/il_fullxfull.1985012376_6pqf.jpg,Aromatherapy Diffuser - Wood and Glass Aroma Diffuser,731185291,,,,1,10.86,0,70,,Etsy,1500800246,1500800246-731185291
,https://i.ebayimg.com/00/s/MTYwMFgxMzY1/z/fq4AAOSw8sZdSd0U/$_57.PNG?set_id=8800005007,Avocado Pillow Cute Plush Toys Stuffed Dolls Cushion Soft Comfortable For Decor[15 in],,,,,1,8.25,0,24.99,,eBay,168,168-A-1083
,https://i.ebayimg.com/00/s/MTYwMFgxMzY1/z/fq4AAOSw8sZdSd0U/$_57.PNG?set_id=8800005007,Avocado Pillow Cute Plush Toys Stuffed Dolls Cushion Soft Comfortable For Decor[15 in],,,,,1,6.95,0,24.99,,eBay,169,169-A-1084
,https://i.ebayimg.com/00/s/MTYwMFgxMzY1/z/fq4AAOSw8sZdSd0U/$_57.PNG?set_id=8800005007,Avocado Pillow Cute Plush Toys Stuffed Dolls Cushion Soft Comfortable For Decor[15 in],,,,,1,6.95,0,24.99,,eBay,170,170-A-1085
,http://ecx.images-amazon.com/images/I/41S0JmKj%2BGL.jpg,Glass Bottles for Essential Oils - 12 Pack 10 ml Refillable Empty Amber Bottle with Orifice Reducer Dropper and Cap - DIY Supplies Tool & Accessories Perfume Aromatherapy - Carrier Oil Kit,B0711SPBZ4,,,,3,0,0,12.99,,Amazon,114-2613699-3511450,114-2613699-3511450-B0711SPBZ4
,http://ecx.images-amazon.com/images/I/51f1iD7DEPL.jpg,"SLR Brands Men's Slide Athletic Adjustable Slip On Sandal Slipper Comfortable Shower Beach Pool Shoe Flip Flop (10 M, Black)",8G-IPV9-JW0W,,,,1,4.06,0.95,14.99,,Amazon,112-2916801-4392232,112-2916801-4392232-8G-IPV9-JW0W
,https://i.ebayimg.com/00/s/MTYwMFgxMzY1/z/fq4AAOSw8sZdSd0U/$_57.PNG?set_id=8800005007,Avocado Pillow Cute Plush Toys Stuffed Dolls Cushion Soft Comfortable For Decor[7 in],,,,,1,3.63,0,14.99,,eBay,171,171-A-1088
,https://i.ebayimg.com/00/s/OTA0WDEwODA=/z/OaYAAOSwBYddYBKb/$_57.JPG?set_id=8800005007,"Custom Photo Blanket Personalized Bedding - Children, Adults, Gifts (60 x 43 in)",,,,,1,0,0,37.99,,eBay,172,172-A-1089
,https://i.ebayimg.com/00/s/MTYwMFgxMzY1/z/fq4AAOSw8sZdSd0U/$_57.PNG?set_id=8800005007,Avocado Pillow Cute Plush Toys Stuffed Dolls Cushion Soft Comfortable For Decor[15 in],,,,,1,5.24,0,24.99,,eBay,173,173-A-1090
,https://i.ebayimg.com/00/s/MTQxN1gxNjAw/z/JiEAAOSwTspdSvEe/$_1.JPG?set_id=8800005007,SLR Brands 175 gram Star Sport Glow In the Dark Flying Disc Frisbee for Night,B076PJ1KHS,,,,1,4.33,0,15.99,,eBay,174,174-B076PJ1KHS
,http://ecx.images-amazon.com/images/I/41qfCxz-vPL.jpg,"Two Scents Dark Patchouli Essential Oil - 100% Pure & Natural Premium Therapeutic Grade Oil - Use for Nebulizer, Ultrasonic Diffuser, Skin, Perfume, Lip Balm, Fragrance, Moisturizer, Relax (10 mL)",B07L42TMFJ,,,,1,2.96,0.92,10.95,,Amazon,113-2380190-8193856,113-2380190-8193856-B07L42TMFJ
,https://i.etsystatic.com/20979998/r/il/b99cd7/2033914335/il_fullxfull.2033914335_e9ue.jpg,"Custom Photo Blanket Personalized With A Photo, Logo Or Design. Comfy Cute Picture Blanket Also Great For Picnics And Beach",717635182,,,,1,0,0,40,,Etsy,1512453433,1512453433-717635182
,https://i.etsystatic.com/20979998/r/il/b99cd7/2033914335/il_fullxfull.2033914335_e9ue.jpg,"Custom Photo Blanket Personalized With A Photo, Logo Or Design. Comfy Cute Picture Blanket Also Great For Picnics And Beach",717635182,,,,1,0,0,40,,Etsy,1504111760,1504111760-717635182
,http://ecx.images-amazon.com/images/I/41h30k9%2B8ML.jpg,Glass 10 mL Empty Bottles for Essential Oil Aromatherapy Guaranteed Perfect Fit for Two Scents Nebulizer Diffuser - Washers and Nozzles Included - 12 Pack Cobalt Blue,B07HJFNSCD,,,,1,5.02,0,29.95,,Amazon,113-0082399-2498642,113-0082399-2498642-B07HJFNSCD
,https://i.ebayimg.com/00/s/MTYwMFgxMzY1/z/fq4AAOSw8sZdSd0U/$_57.PNG?set_id=8800005007,Avocado Pillow Cute Plush Toys Stuffed Dolls Cushion Soft Comfortable For Decor[15 in],,,,,1,8.25,0,24.99,,eBay,175,175-A-1096
,https://i.ebayimg.com/00/s/OTA0WDEwODA=/z/OaYAAOSwBYddYBKb/$_57.JPG?set_id=8800005007,"Custom Photo Blanket Personalized Bedding - Children, Adults, Gifts (60 x 43 in)",,,,,1,0,3.04,37.99,,eBay,176,176-A-1097
,https://i.etsystatic.com/20979998/r/il/b99cd7/2033914335/il_fullxfull.2033914335_e9ue.jpg,"Custom Photo Blanket Personalized With A Photo, Logo Or Design. Comfy Cute Picture Blanket Also Great For Picnics And Beach",717635182,,,,1,0,0,40,,Etsy,1504667792,1504667792-717635182
,https://i.ebayimg.com/00/s/MTYwMFgxMzY1/z/fq4AAOSw8sZdSd0U/$_57.PNG?set_id=8800005007,Avocado Pillow Cute Plush Toys Stuffed Dolls Cushion Soft Comfortable For Decor[15 in],,,,,1,7.65,0,24.99,,eBay,177,177-A-1099
,https://i.etsystatic.com/20979998/r/il/872918/1985012376/il_fullxfull.1985012376_6pqf.jpg,Aromatherapy Diffuser - Wood and Glass Aroma Diffuser,731185291,,,,1,17.6,0,70,,Etsy,1505388216,1505388216-731185291
,https://i.etsystatic.com/20979998/r/il/872918/1985012376/il_fullxfull.1985012376_6pqf.jpg,Aromatherapy Diffuser - Wood and Glass Aroma Diffuser,731185291,,,,1,17.6,0,70,,Etsy,1505388216,1505388216-731185291
,http://ecx.images-amazon.com/images/I/51EFjkHfNhL.jpg,Two Scents Essential Oils Top 8 Aromatherapy Essential Oils 100% Pure Therapeutic Grade Essential Oils Set Lavender/Peppermint/Tea Tree/Orange/Eucalyptus/Lemongrass/Frankincense/Rosemary 10 mL Oil,B07MJCTJYZ,,,,1,5.24,0,19.99,,Amazon,111-9683233-0662615,111-9683233-0662615-B07MJCTJYZ
,https://i.ebayimg.com/00/s/MTQxN1gxNjAw/z/JiEAAOSwTspdSvEe/$_1.JPG?set_id=8800005007,SLR Brands 175 gram Star Sport Glow In the Dark Flying Disc Frisbee for Night,B076PJ1KHS,,,,1,3.36,1.34,15.99,,eBay,178,178-B076PJ1KHS
,https://i.etsystatic.com/20979998/r/il/628d0b/1986381460/il_fullxfull.1986381460_ri3d.jpg,Cute Avocado Pillow - Avocado Shaped Plush Pillow,731498733,,,,1,41.9,0,20,,Etsy,1506280524,1506280524-731498733
,https://i.ebayimg.com/00/s/OTA0WDEwODA=/z/OaYAAOSwBYddYBKb/$_57.JPG?set_id=8800005007,"Custom Photo Blanket Personalized Bedding - Children, Adults, Gifts (60 x 43 in)",,,,,1,0,2.56,37.99,,eBay,179,179-A-1105
,https://i.ebayimg.com/00/s/MTYwMFgxMzY1/z/fq4AAOSw8sZdSd0U/$_57.PNG?set_id=8800005007,Avocado Pillow Cute Plush Toys Stuffed Dolls Cushion Soft Comfortable For Decor[7 in],,,,,1,3.28,0,14.99,,eBay,180,180-A-1106
,https://i.ebayimg.com/00/s/MTYwMFgxMzY1/z/fq4AAOSw8sZdSd0U/$_57.PNG?set_id=8800005007,Avocado Pillow Cute Plush Toys Stuffed Dolls Cushion Soft Comfortable For Decor[7 in],,,,,1,3.28,0,14.99,,eBay,181,181-A-1107
,https://i.etsystatic.com/20979998/r/il/b99cd7/2033914335/il_fullxfull.2033914335_e9ue.jpg,"Custom Photo Blanket Personalized With A Photo, Logo Or Design. Comfy Cute Picture Blanket Also Great For Picnics And Beach",717635182,,,,1,0,2.9,40,,Etsy,1507925206,1507925206-717635182
,https://i.etsystatic.com/20979998/r/il/5ca1d5/2033887743/il_fullxfull.2033887743_4mad.jpg,Aromatherapy Diffuser - Wood and Glass Aroma Diffuser,717625570,,,,1,8.5,4.9,70,,Etsy,1508514630,1508514630-717625570
,https://i.ebayimg.com/00/s/MTYwMFgxMzY1/z/fq4AAOSw8sZdSd0U/$_57.PNG?set_id=8800005007,Avocado Pillow Cute Plush Toys Stuffed Dolls Cushion Soft Comfortable For Decor[15 in],,,,,1,8.25,0,24.99,,eBay,182,182-A-1110
,https://i.ebayimg.com/00/s/OTA0WDEwODA=/z/OaYAAOSwBYddYBKb/$_57.JPG?set_id=8800005007,"Custom Photo Blanket Personalized Bedding - Children, Adults, Gifts (60 x 43 in)",,,,,1,0,0,37.99,,eBay,183,183-A-1111
,https://i.ebayimg.com/00/s/MTEyNVgxNTAw/z/78YAAOSwzUVdSwgc/$_57.JPG?set_id=8800005007,Wave Runner 6.0 Bouncing and Skipping Ball for Water Pool Ocean (Colors Vary),,,,,1,2.84,0.8,8.99,,eBay,184,184-A-1112
,http://ecx.images-amazon.com/images/I/51f1iD7DEPL.jpg,"SLR Brands Men's Slide Athletic Adjustable Slip On Sandal Slipper Comfortable Shower Beach Pool Shoe Flip Flop (8 M, Black)",13-PW7U-D87I,,,,1,3.96,0,14.99,,Amazon,112-7108874-6578619,112-7108874-6578619-13-PW7U-D87I
,http://ecx.images-amazon.com/images/I/51f1iD7DEPL.jpg,"SLR Brands Men's Slide Athletic Adjustable Slip On Sandal Slipper Comfortable Shower Beach Pool Shoe Flip Flop (8 M, Black)",13-PW7U-D87I,,,,1,3.63,1.24,14.99,,Amazon,111-9557065-6044229,111-9557065-6044229-13-PW7U-D87I
,http://ecx.images-amazon.com/images/I/51f1iD7DEPL.jpg,"SLR Brands Men's Slide Athletic Adjustable Slip On Sandal Slipper Comfortable Shower Beach Pool Shoe Flip Flop (8 M, Black)",13-PW7U-D87I,,,,1,3.36,0,14.99,,Amazon,112-9280016-2479421,112-9280016-2479421-13-PW7U-D87I
,http://ecx.images-amazon.com/images/I/51f1iD7DEPL.jpg,"SLR Brands Men's Slide Athletic Adjustable Slip On Sandal Slipper Comfortable Shower Beach Pool Shoe Flip Flop (8 M, Black)",13-PW7U-D87I,,,,1,3.36,0,14.99,,Amazon,111-1993228-2358606,111-1993228-2358606-13-PW7U-D87I
,http://ecx.images-amazon.com/images/I/51f1iD7DEPL.jpg,"SLR Brands Men's Slide Athletic Adjustable Slip On Sandal Slipper Comfortable Shower Beach Pool Shoe Flip Flop (8 M, Black)",13-PW7U-D87I,,,,1,3.63,1.06,14.99,,Amazon,111-1729084-5261844,111-1729084-5261844-13-PW7U-D87I
,https://i.ebayimg.com/00/s/MTYwMFgxMzY1/z/fq4AAOSw8sZdSd0U/$_57.PNG?set_id=8800005007,Avocado Pillow Cute Plush Toys Stuffed Dolls Cushion Soft Comfortable For Decor[15 in],,,,,1,7.82,2.06,24.99,,eBay,185,185-A-1118
,https://i.ebayimg.com/00/s/MTYwMFgxMzY1/z/fq4AAOSw8sZdSd0U/$_57.PNG?set_id=8800005007,Avocado Pillow Cute Plush Toys Stuffed Dolls Cushion Soft Comfortable For Decor[15 in],,,,,1,8.25,1.94,24.99,,eBay,186,186-A-1119
,https://i.etsystatic.com/20979998/r/il/b99cd7/2033914335/il_fullxfull.2033914335_e9ue.jpg,"Custom Photo Blanket Personalized With A Photo, Logo Or Design. Comfy Cute Picture Blanket Also Great For Picnics And Beach",717635182,,,,1,0,0,50,,Etsy,1510395248,1510395248-717635182
,http://ecx.images-amazon.com/images/I/51f1iD7DEPL.jpg,"SLR Brands Men's Slide Athletic Adjustable Slip On Sandal Slipper Comfortable Shower Beach Pool Shoe Flip Flop (8 M, Black)",13-PW7U-D87I,,,,1,3.96,0,14.99,,Amazon,113-0465399-1140238,113-0465399-1140238-13-PW7U-D87I
,http://ecx.images-amazon.com/images/I/51f1iD7DEPL.jpg,"SLR Brands Men's Slide Athletic Adjustable Slip On Sandal Slipper Comfortable Shower Beach Pool Shoe Flip Flop (8 M, Black)",13-PW7U-D87I,,,,1,4.33,1.82,14.99,,Amazon,111-6914131-4849012,111-6914131-4849012-13-PW7U-D87I
,https://i.ebayimg.com/00/s/MTUwMFgxMTA3/z/tAIAAOSwjkBdTIMP/$_57.JPG?set_id=8800005007,Wave Runner Big Air Ball Indoor and Outdoor Inflatable Beach Balls (Colors Vary),,,,,3,8.34,3.12,12.99,,eBay,187,187-A-1123
,,,,,,,,0,0,,,ShipStation,MAN-10161-0,MAN-10161-0-A-1124
,,,,,,,,0,0,,,ShipStation,MAN-10162-0,MAN-10162-0-A-1125
,,,,,,,,0,0,,,ShipStation,MAN-10163-0,MAN-10163-0-A-1126
,,,,,,,,0,0,,,ShipStation,MAN-10164-0,MAN-10164-0-A-1127
,,,,,,,,0,0,,,ShipStation,MAN-10165-0,MAN-10165-0-A-1128
,,,,,,,,0,0,,,ShipStation,MAN-10166-0,MAN-10166-0-A-1129
,,,,,,,,0,0,,,ShipStation,MAN-10167-0,MAN-10167-0-A-1130
,,,,,,,,0,0,,,ShipStation,MAN-10168-0,MAN-10168-0-A-1131
,,,,,,,,0,0,,,ShipStation,MAN-10169-0,MAN-10169-0-A-1132
,,,,,,,,0,0,,,ShipStation,MAN-10170-0,MAN-10170-0-A-1133
,,,,,,,,0,0,,,ShipStation,MAN-10171-2136,MAN-10171-2136-A-1134
,,,,,,,,0,0,,,ShipStation,MAN-10172-0,MAN-10172-0-A-1135
,,,,,,,,0,0,,,ShipStation,MAN-10173-0,MAN-10173-0-A-1136
,,,,,,,,0,0,,,ShipStation,MAN-10174-0,MAN-10174-0-A-1137
,,,,,,,,0,0,,,ShipStation,MAN-10175-0,MAN-10175-0-A-1138
,,,,,,,,0,0,,,ShipStation,MAN-10176-0,MAN-10176-0-A-1139
,,,,,,,,0,0,,,ShipStation,MAN-10177-0,MAN-10177-0-A-1140
,,,,,,,,0,0,,,ShipStation,MAN-10178-999,MAN-10178-999-A-1141
,,,,,,,,0,0,,,ShipStation,MAN-10179-0,MAN-10179-0-A-1142
,,,,,,,,0,0,,,ShipStation,MAN-10180-0,MAN-10180-0-A-1143
,,,,,,,,0,0,,,ShipStation,MAN-10181-0,MAN-10181-0-A-1144
,,,,,,,,0,0,,,ShipStation,MAN-10182-0,MAN-10182-0-A-1145
,,,,,,,,0,0,,,ShipStation,MAN-10183-0,MAN-10183-0-A-1146
,,,,,,,,0,0,,,ShipStation,MAN-10184-0,MAN-10184-0-A-1147
,,,,,,,,0,0,,,ShipStation,MAN-10185-0,MAN-10185-0-A-1148
,,,,,,,,0,0,,,ShipStation,MAN-10186-954,MAN-10186-954-A-1149
,,,,,,,,0,0,,,ShipStation,MAN-10187-0,MAN-10187-0-A-1150
,,,,,,,,0,0,,,ShipStation,MAN-10188-0,MAN-10188-0-A-1151
,,,,,,,,0,0,,,ShipStation,MAN-10189-0,MAN-10189-0-A-1152
,,,,,,,,0,0,,,ShipStation,MAN-10190-0,MAN-10190-0-A-1153
,,,,,,,,0,0,,,ShipStation,MAN-10191-0,MAN-10191-0-A-1154
,,,,,,,,0,0,,,ShipStation,MAN-10192-987,MAN-10192-987-A-1155
,,,,,,,,0,0,,,ShipStation,MAN-10193-0,MAN-10193-0-A-1156
,,,,,,,,0,0,,,ShipStation,MAN-10194-98765,MAN-10194-98765-A-1157
,,,,,,,,0,0,,,ShipStation,MAN-10195-0,MAN-10195-0-A-1158
,,,,,,,,0,0,,,ShipStation,MAN-10196-0,MAN-10196-0-A-1159
,,,,,,,,0,0,,,ShipStation,MAN-10197-987,MAN-10197-987-A-1160
,,,,,,,,0,0,,,ShipStation,MAN-10198-0,MAN-10198-0-A-1161
,,,,,,,,0,0,,,ShipStation,MAN-10199-0,MAN-10199-0-A-1162
,,,,,,,,0,0,,,ShipStation,MAN-10200-0,MAN-10200-0-A-1163
,,,,,,,,0,0,,,ShipStation,MAN-10201-556,MAN-10201-556-A-1164
,,,,,,,,0,0,,,ShipStation,MAN-10202-0,MAN-10202-0-A-1165
,,,,,,,,0,0,,,ShipStation,MAN-10203-0,MAN-10203-0-A-1166
,,,,,,,,0,0,,,ShipStation,MAN-10204-0,MAN-10204-0-A-1167
,,,,,,,,0,0,,,ShipStation,MAN-10205-0,MAN-10205-0-A-1168
,,,,,,,,0,0,,,ShipStation,MAN-10206-0,MAN-10206-0-A-1169
,http://ecx.images-amazon.com/images/I/51EFjkHfNhL.jpg,Two Scents Essential Oils Top 8 Aromatherapy Essential Oils 100% Pure Therapeutic Grade Essential Oils Set Lavender/Peppermint/Tea Tree/Orange/Eucalyptus/Lemongrass/Frankincense/Rosemary 10 mL Oil,B07MJCTJYZ,,,,1,5.24,1.35,19.99,,Amazon,114-9367547-6585828,114-9367547-6585828-B07MJCTJYZ
,https://i.etsystatic.com/20979998/r/il/628d0b/1986381460/il_fullxfull.1986381460_ri3d.jpg,Cute Avocado Pillow - Avocado Shaped Plush Pillow,731498733,,,,1,9.7,3.15,45,,Etsy,1522027345,1522027345-731498733
,https://i.etsystatic.com/20979998/r/il/b99cd7/2033914335/il_fullxfull.2033914335_e9ue.jpg,"Custom Photo Blanket Personalized With A Photo, Logo Or Design. Comfy Cute Picture Blanket Also Great For Picnics And Beach",717635182,,,,1,0,0,50,,Etsy,1513824660,1513824660-717635182
,https://i.ebayimg.com/00/s/MTAwMFgxNjAw/z/MVMAAOSwX8tdSHGo/$_1.JPG?set_id=880000500F,Essential Oil Amber Glass Bottles 10ml Empty LOT SET Refillable W Orifice & Cap[12 Pack],ETY-BS-12,,,,1,5.12,0.77,10.99,,eBay,188,188-ETY-BS-12
,,,,,,,,9.26,0,,,ShipStation,MAN200001,MAN200001-A-1174
,http://ecx.images-amazon.com/images/I/318fN-YbWcL.jpg,"SLR Brands Womans Colorblock Pocket Casual Tie Waist Yoga Jogger Pants (Large/XL, Black)",SV-8SE2-GM2U,,,,1,4.33,0,17.99,,Amazon,111-6682226-5447435,111-6682226-5447435-SV-8SE2-GM2U
,https://i.ebayimg.com/00/s/MTYwMFgxMDUx/z/xmgAAOSwcTddSvAp/$_1.JPG?set_id=8800005007,6 Pack Teeth Ball for Dog and Pets with Funny Human Smile Ball Squeaky Chew Toy,TU-SB8I-MPLC,,,,1,4.06,1.04,12.99,,eBay,189,189-TU-SB8I-MPLC
,https://i.ebayimg.com/00/s/OTA0WDEwODA=/z/OaYAAOSwBYddYBKb/$_57.JPG?set_id=8800005007,"Custom Photo Blanket Personalized Bedding - Children, Adults, Gifts (60 x 43 in)",,,,,1,0,2.28,37.99,,eBay,190,190-A-1177
,https://i.etsystatic.com/20979998/r/il/b99cd7/2033914335/il_fullxfull.2033914335_e9ue.jpg,"Custom Photo Blanket Personalized With A Photo, Logo Or Design. Comfy Cute Picture Blanket Also Great For Picnics And Beach",717635182,,,,1,0,5.78,70,,Etsy,1525815319,1525815319-717635182
,http://ecx.images-amazon.com/images/I/413yS8WWG0L.jpg,Comfort Food Creations Burrito Wrap Novelty Blanket - Perfectly Round Tortilla Throw (5' Diameter),WA-WDLV-QOZB,,,,1,7.25,0,22.99,,Amazon,112-8586795-6440228,112-8586795-6440228-WA-WDLV-QOZB
,https://i.etsystatic.com/20979998/r/il/b99cd7/2033914335/il_fullxfull.2033914335_e9ue.jpg,"Custom Photo Blanket Personalized With A Photo, Logo Or Design. Comfy Cute Picture Blanket Also Great For Picnics And Beach",717635182,,,,1,0,4.19,50,,Etsy,1517010044,1517010044-717635182
,https://i.etsystatic.com/20979998/r/il/b99cd7/2033914335/il_fullxfull.2033914335_e9ue.jpg,"Custom Photo Blanket Personalized With A Photo, Logo Or Design. Comfy Cute Picture Blanket Also Great For Picnics And Beach",717635182,,,,1,0,5.27,70,,Etsy,1516915862,1516915862-717635182
,https://i.etsystatic.com/20979998/r/il/907d5e/2047315951/il_fullxfull.2047315951_m576.jpg,Pizza Blanket - Realistic Pepperoni Pizza Shaped Blanket for Adults AND Kids!,717631862,,,,1,0,2.75,50,,Etsy,1517061296,1517061296-717631862
,http://ecx.images-amazon.com/images/I/413yS8WWG0L.jpg,Comfort Food Creations Burrito Wrap Novelty Blanket - Perfectly Round Tortilla Throw (5' Diameter),WA-WDLV-QOZB,,,,1,7.55,1.78,22.99,,Amazon,112-4074854-5569029,112-4074854-5569029-WA-WDLV-QOZB
,,,,,,,,3.09,0,,,ShipStation,MAN200002,MAN200002-A-1184
,,,,,,,,2.76,0,,,ShipStation,MAN200003,MAN200003-A-1185
,,,,,,,,2.84,0,,,ShipStation,MAN200004,MAN200004-A-1186
,https://i.etsystatic.com/20979998/r/il/b99cd7/2033914335/il_fullxfull.2033914335_e9ue.jpg,"Custom Photo Blanket Personalized With A Photo, Logo Or Design. Comfy Cute Picture Blanket Also Great For Picnics And Beach",717635182,,,,1,0,0,50,,Etsy,1519596890,1519596890-717635182
,,,,,,,,2.76,0,,,ShipStation,MAN200005,MAN200005-A-1188
,http://ecx.images-amazon.com/images/I/41qfCxz-vPL.jpg,"Two Scents Dark Patchouli Essential Oil - 100% Pure & Natural Premium Therapeutic Grade Oil - Use for Nebulizer, Ultrasonic Diffuser, Skin, Perfume, Lip Balm, Fragrance, Moisturizer, Relax (10 mL)",B07L42TMFJ,,,,1,2.76,0,10.95,,Amazon,113-1847617-4583427,113-1847617-4583427-B07L42TMFJ
,,,,,,,,2.76,0,,,ShipStation,MAN200006,MAN200006-A-1190
,,,,,,,,3.09,0,,,ShipStation,MAN200007,MAN200007-A-1191
,http://ecx.images-amazon.com/images/I/51EFjkHfNhL.jpg,Two Scents Essential Oils Top 8 Aromatherapy Essential Oils 100% Pure Therapeutic Grade Essential Oils Set Lavender/Peppermint/Tea Tree/Orange/Eucalyptus/Lemongrass/Frankincense/Rosemary 10 mL Oil,B07MJCTJYZ,,,,1,5.12,0,19.99,,Amazon,112-1067490-0369036,112-1067490-0369036-B07MJCTJYZ
,,,,,,,,9.7,0,,,ShipStation,MAN200008,MAN200008-A-1193
,http://ecx.images-amazon.com/images/I/41%2BQcz8BEXL.jpg,"Two Scents Balsam Fir Essential Oil - 100% Pure & Natural Premium Therapeutic Grade Oil - Use for Nebulizer, Ultrasonic Diffuser, Skin, Perfume, Lip Balm, Fragrance, Moisturizer, Relaxation (10 mL)",B07L3ZY95V,,,,1,0,0.9,11.95,,Amazon,112-1277482-1409850,112-1277482-1409850-B07L3ZY95V